"author","published_at","updated_at","like_count","text","comment_type","parent_id"
"@sasha3291","2024-03-05T19:49:14Z","2024-03-05T19:49:27Z","0","–ò –≤–æ—Ç –Ω–∞ <a href=""https://www.youtube.com/watch?v=QcIbFriD-Bc&amp;t=722"">12:02</a> –≤–∏–¥–Ω–æ –∫–∞–∫ –Ω–∞ –∫–∞—Ä—Ç–∏–Ω–∫–µ —Å –ª–µ–≤–∞ —Ç–µ–∫—Å—Ç—É—Ä—ã —Å—Ç–∞–Ω–æ–≤—è—Ç—Å—è —á–µ—Ä–Ω—ã–º–∏ —É –º–µ–Ω—è —Ç–∞–∫ —Ç–æ–∂–µ –ø—Ä–æ–∏—Å—Ö–æ–¥–∏—Ç –∫–æ–≥–¥–∞ –≤–∫–ª—é—á–µ–Ω —Ä–µ–∂–∏–º –Ω–∏–∑–∫–æ–π –∑–∞–¥–µ—Ä–∂–∫–∏","Top Level",""
"@sasha3291","2024-03-05T19:43:13Z","2024-03-05T19:43:13Z","0","–ù–∞ –≤–∏–Ω–¥–µ 11 –∏–≥—Ä–∞ –º–æ–∂–µ—Ç –∏–Ω–æ–≥–¥–∞ –∑–∞–≤–∏—Å–∞—Ç—å –Ω–∞ —Å–µ–∫—É–Ω–¥ 5, –Ω–∞ 10 —Ç–∞–∫–æ–≥–æ –Ω–µ —Ä–∞–∑—É –Ω–µ –±—ã–ª–æ. –ë–µ–∑ –ø–æ–Ω—è—Ç–∏—è —Å —á–µ–º —ç—Ç–æ —Å–≤—è–∑–∞–Ω–æ(","Top Level",""
"@kaizerkaizerovich7774","2024-03-05T05:09:43Z","2024-03-05T05:09:43Z","0","–≤—Å–µ–º –ø—Ä–∏–≤–µ—Ç —Å –≤–∞–º–∏ —á–µ–ª–æ–≤–µ–∫ –∞ —è –¥—É–º–∞–ª –∂–∏–≤–æ—Ç–Ω–æ–µ","Top Level",""
"@dekuk1d470","2024-03-05T07:31:19Z","2024-03-05T07:31:19Z","0","–æ—Ç–∫—Ä–æ–π –æ–∫–Ω–æ –ø–∂)))","Reply","UgwEOn7-wmRkTCcz-_R4AaABAg"
"@altaress77","2024-03-04T00:34:43Z","2024-03-04T00:34:43Z","0","–µ–±–∞—Ç—å –≥–¥–µ –∂ —Ç—ã —Ä–∞–Ω—å—à–µ –±—ã–ª –º—ç–Ω,—è –ø–æ —Ö–æ–¥—É –ø—Ä–æ—Å–º–æ—Ç—Ä–∞ –≤–∏–¥–æ—Å–∞ –∫–∞–∫ –º–∞–ª–µ–Ω—å–∫–∏–π —Ä–µ–±—ë–Ω–æ–∫ –¥–æ–≤–µ—Ä–∏–ª—Å—è –≤—Å—ë –º–∞—à–∏–Ω–∞–ª—å–Ω–æ –Ω–∞—Ç—ã–∫–∞–ª,–ø–æ—à—ë–ª —Ñ–∞—Å–∏–∫ –ù–ï –†–ê–ó–ú–Ø–¢–´–ú –î–ê–õ 48 –§–†–ê–ì–û–í –ø–æ—Ç–æ–º—É —á—Ç–æ –º—ã—à—å –∫–∞–∫ –±—É–¥—Ç–æ –±–ª—è—Ç—å –º–æ—è —Ä—É–∫–∞ —Ç–µ–ø–µ—Ä—å —Å–ø–∞—Å–∏–±–æ‚ù§","Top Level",""
"@cybernrt","2024-03-01T19:30:46Z","2024-03-01T19:30:46Z","0","—è —Ç—É—Ç –æ–±–Ω–æ–≤–∏–ª —Å–∏—Å—Ç–µ–º—É, –ø—Ä–æ—Ü –Ω–∞ –∞–º5 + –æ–ø–µ—Ä–∞—Ç–∏–≤–∫–∞ ddr5 + –º–∞—Ç–µ—Ä–∏–Ω–∫–∞, –≤—ã—à–ª–æ –≤ 30–∫,  –Ω–µ—Ç —Ñ—Ä–∏–∑–æ–≤ –∏ –ø–æ–¥–ª–∞–≥–æ–≤, —Ö–æ—Ç—è —É –º–µ–Ω—è —Å—Ç–∞—Ä–∞—è –≤–∏–¥—é—Ö–∞ rx570 –∫–æ—Ç–æ—Ä–∞—è –≤—ã–¥–∞—ë—Ç 200—Ñ–ø—Å, –Ω–æ –ø—Ä–∏ —ç—Ç–æ–º –≤—Å—ë –∏–¥–µ–∞–ª—å–Ω–æ –≥–ª–∞–¥–∫–æ –∏ –±—ã—Å—Ç—Ä–æ","Top Level",""
"@godblessusa1111","2024-03-01T16:02:37Z","2024-03-01T16:02:37Z","0","–∫–∞–∫ —Ä–∞–∑ –≥–ø –∏ –≥–∞–ª–∫—É –Ω—É–∂–Ω–æ —Å—Ç–∞–≤–∏—Ç—å))))","Top Level",""
"@cement31","2024-02-29T13:33:43Z","2024-02-29T13:33:43Z","0","–ü–∏–∑–¥–æ—Å. –ö–æ–º–ø –≤—ã–∫–ª—é—á–∞–µ—Ç—Å—è –ø—Ä–∏ –∑–∞—Ö–æ–¥–µ –≤ –∏–≥—Ä—É –ø–æ—Å–ª–µ —Ç–≤–æ–µ–π –Ω–∞—Å—Ç—Ä–æ–π–∫–∏ :D —Ö–∑ —á–µ –¥–µ–ª–∞—Ç—å. –°–∏–Ω–∏–π —ç–∫—Ä–∞–Ω –∏ –≤—Å–µ","Top Level",""
"@Lsowokdjdksksk92929","2024-03-04T06:39:10Z","2024-03-04T06:39:10Z","0","–í —Ä–µ–µ—Å—Ç—Ä –Ω–µ –Ω—É–∂–Ω–æ –±—ã–ª–æ –ª–∞–∑–∏—Ç—å","Reply","UgwXjQgzzt8LCcrr1PJ4AaABAg"
"@cement31","2024-03-05T20:57:27Z","2024-03-05T20:57:27Z","0","@@Lsowokdjdksksk92929 –¥–µ–ª–∞–ª –≤—Å–µ –∫–∞–∫ –Ω–∞ –≤–∏–¥–µ–æ. –ë–æ–ª—å—à–µ –Ω–µ –±—É–¥—É üòÇ –°–Ω–µ—Å –≤–∏–Ω–¥—É","Reply","UgwXjQgzzt8LCcrr1PJ4AaABAg"
"@keramor666","2024-02-29T03:04:37Z","2024-02-29T03:04:37Z","0","–≥–ø —Å—Ç–∞–≤–∏—Ç—Å—è —É –∫–æ–≥–æ –≤–∏–¥—é—Ö–∞ —Ö–æ—Ä–æ—à–∞—è","Top Level",""
"@dekuk1d470","2024-02-29T03:07:21Z","2024-02-29T03:07:21Z","0","–æ–∫ –∏–≤–∞–Ω–∑–æ–ª–æ —É–º–Ω—ã–π","Reply","UgwqUQzJBjjFd1HvvLF4AaABAg"
"@keramor666","2024-02-29T04:30:04Z","2024-02-29T04:30:04Z","0","—Å–æ—Ä–∏ –µ—Å–ª–∏ –æ–±–∏–¥–µ–ª @@dekuk1d470","Reply","UgwqUQzJBjjFd1HvvLF4AaABAg"
"@jakkefq","2024-02-28T12:09:21Z","2024-02-28T12:09:21Z","0","–±—Ä–æ, –Ω—É–∂–Ω–æ –ª–∏ –æ—Ñ—Ñ–∞—Ç—å –ø–æ–≤—ã—à–µ–Ω–Ω—É—é —Ç–æ—á–Ω–æ—Å—Ç—å —É–∫–∞–∑–∞—Ç–µ–ª—è –≤ –≤–∏–Ω–¥–µ?","Top Level",""
"@lolicorez","2024-02-28T14:33:04Z","2024-02-28T14:33:04Z","3","–Ω—É–∂–Ω–æ –±—Ä–∞—Ç","Reply","UgyME_y-r9N97MkUsDF4AaABAg"
"@olqow","2024-02-28T09:21:57Z","2024-02-28T09:21:57Z","0","—É —Ç–µ–±—è —Ç—Ç –µ—Å—Ç—å?","Top Level",""
"@dekuk1d470","2024-02-28T09:24:17Z","2024-02-28T09:24:17Z","1","–¥–∞ dekuk1d","Reply","UgwpXAVy8pYiuTUmYHR4AaABAg"
"@ProGenchic","2024-02-27T11:15:31Z","2024-02-27T11:15:31Z","0","–Ω–∞ –≤–∏–Ω11 –æ—Ç–∫–ª—é—á–∞—Ç—å –æ–ø—Ç–∏–º–∏–∑–∞—Ü–∏—é —ç–∫—Ä–∞–Ω–∞ –Ω–µ –Ω—É–∂–Ω–æ","Top Level",""
"@dekuk1d470","2024-02-27T11:18:01Z","2024-02-27T11:18:01Z","0","–ù—É –º–æ–Ω–µ—Å–∏ –¥–∞—É–Ω –ø–æ—Ö–æ–¥—É","Reply","UgxSvaWNoM43mYwdrzl4AaABAg"
"@ProGenchic","2024-02-27T11:43:33Z","2024-02-27T11:43:33Z","0","@@dekuk1d470 –•–û –•–û –•–û, –ù–ï –ó–ù–ê–Æ)))<br>–Ω–∞ —Å–∞–º–æ–º –¥–µ–ª–µ –ø—Ä–æ—Å—Ç–æ —Å—Ç–∞—Ç—å–∏ –ø–æ—á–∏—Ç–∞—Ç—å –Ω–∞–¥–æ –Ω–∞ —ç—Ç—É —Ç–µ–º—É, –∏–º–µ–Ω–Ω–æ –≤ win11, –ø–æ—Ç–æ–º—É —á—Ç–æ —Ç–∞–º –∏–Ω—Ç–µ—Ä–µ—Å–Ω—ã–µ –≤–µ—â–∏ –ø–∏—à—É—Ç. –ù–æ –≤ –±–ª–∏–∂–∞–π—à–µ–µ –≤—Ä–µ–º—è –ø–æ–ø—Ä–æ–±—É—é —Å–Ω–æ–≤–∞ –æ—Ç–∫–ª—é—á–∏—Ç—å –∏ –ø–æ—Å–º–æ—Ç—Ä–µ—Ç—å —á—Ç–æ –∫–∞–∫","Reply","UgxSvaWNoM43mYwdrzl4AaABAg"
"@R_S_S","2024-02-26T19:03:40Z","2024-02-26T19:14:10Z","0","-&quot;–ù–µ –ø–æ–º–Ω—é —É –∫–æ–≥–æ –≤–∑—è–ª —ç—Ç–æ... &quot; - –ò–æ—Å–∏—Ñ –∫—Å –≥–æ - –≤–æ—Ç —É –∫–æ–≥–æ)","Top Level",""
"@dekuk1d470","2024-02-26T19:14:04Z","2024-02-26T19:14:04Z","0","–∫—Ä–∞—Å–∞–≤–∞ –±—Ä–∞—Ç–∞–Ω –Ω–∞–ø–æ–º–Ω–∏–ª —Å–∞–º—ã–π –ø–æ–ø—É–ª—è—Ä–Ω—ã–π –ø–∞–∫ –≤ –∏–Ω–µ—Ä—Ç–µ—Ç–µ –≥–∏—Ñ—Ç—Ö–∞–±–∞))","Reply","UgwONbGBA5MSRccJnUx4AaABAg"
"@R_S_S","2024-02-26T20:13:35Z","2024-02-26T20:13:35Z","0","@@dekuk1d470 ,—Ö–∑, —è –±—ã–ª –µ–≥–æ –ø–æ–¥–ø–∏—â–∏–∫–æ–º, –∞ –Ω–µ –ø–æ–ª—å–∑–æ–≤–∞—Ç–µ–ª–µ–º –≥–∏—Ç—Ö–∞–±–∞. –ü–æ—ç—Ç–æ–º—É –∂–∞–ª—å —á—Ç–æ —Ç—ã –Ω–µ —É–ø–æ–º—è–Ω—É–ª –µ–≥–æ, —Ö–æ—Ç–µ–ª –≤–æ—Å—Å—Ç–∞–Ω–æ–≤–∏—Ç—å —Å–ø—Ä–∞–≤–µ–¥–ª–∏–≤–æ—Å—Ç—å. –î–∞, —É —Ç–µ–±—è –º–∞–ª–æ –ø–æ–¥–ø–∏—â–∏–∫–æ–º, –∏ –∫–∞–Ω–∞–ª —Ç–æ–≥–æ —Ç–∏–ø–∞ –º–µ—Ä—Ç–≤—ã–π –ø–æ—Å–ª–µ –≤–∑–ª–æ–º–∞ –µ–≥–æ –¥–∏—Å–∫–æ—Ä–¥–∞, –Ω–æ –≤—Å–µ –∂–µ)","Reply","UgwONbGBA5MSRccJnUx4AaABAg"
"@dekuk1d470","2024-02-26T20:16:18Z","2024-02-26T20:16:18Z","0","@@R_S_S –Ω—É —è –Ω–µ –Ω–∞—Å—Ç—Ä–æ–π—â–∏–∫ –∫–æ–º–ø—å—é—Ç–µ—Ä–æ–≤ –Ω–µ –≤–ª–∏–≤–∞—é—Å—å –≤ —ç—Ç—É —Ç–µ–º—É –ø—Ä–æ—Å—Ç –ø–æ–∫–∞–∑–∞–ª –±–∞–∑—É –¥–ª—è —Ä–∞–±–æ—Ç—è–≥ –±–æ–ª—å—à–µ –Ω–∞ —ç—Ç—É —Ç–µ–º—É –≤–∏–¥–æ—Å–æ–≤ –Ω–∞–≤–µ—Ä–Ω–æ–µ –Ω–µ –±—É–¥–µ—Ç","Reply","UgwONbGBA5MSRccJnUx4AaABAg"
"@raybeamfx","2024-02-25T15:25:29Z","2024-02-25T15:25:29Z","0","–ø–æ—Å–ª–µ —Å–ª–æ–≤ –ø—Ä–æ —Å–∫–µ–π–ª–∏–Ω–≥ –Ω–∞ –¥–∏—Å–ø–ª–µ–π, —Ö–æ—Ç–µ–ª –¥—Ä–æ–ø–Ω—É—Ç—å.<br>–ß—É–≤–∞–∫ —É –±–æ–ª—å—à–∏–Ω—Å—Ç–≤–∞ –º–æ–Ω–∏–∫–æ–≤ —Ç–µ—Ö–Ω–æ–ª–æ–≥–∏—è –¥–∏—Å–ø–ª–µ–π —Å–∫–µ–π–ª–∏–Ω–≥–∞ –æ—Ç–ª–∏—á–∞–µ—Ç—Å—è –∏ –º—ã—à—å –æ—â—É—â–∞–µ—Ç—Å—è –ø–æ –¥—Ä—É–≥–æ–º—É.<br>–ü–æ —ç—Ç–æ–º—É –µ—Å–ª–∏ –±—É–¥–µ—Ç –ª–∞–Ω –∏–ª–∏ —Ç–∏–ø–æ —Ç–æ–≥–æ, –æ—á–µ–Ω—å —Ö—É–µ–≤—ã–π –≤–∞—Ä–∏–∫","Top Level",""
"@Mishel-vermehel","2024-02-24T20:54:41Z","2024-02-24T20:54:41Z","0","–ê —à–æ –¥–µ–ª–∞—Ç—å –µ—Å–ª–∏ GTX1650 –∏ –ø—Ä–æ—Ü —Å 4 —è–¥—Ä–∞–º–∏","Top Level",""
"@samogooonnn","2024-02-24T18:52:55Z","2024-02-24T18:52:55Z","1","–ù–∞ –¥–∞–Ω–Ω—ã–π –º–æ–º–µ–Ω—Ç 11400f 1660 super, —á—Ç–æ —Å–æ–≤–µ—Ç—É–µ—à—å –ø–æ–º–µ–Ω—è—Ç—å? –í–∏–¥—é—Ö—É –∏–ª–∏ –ø—Ä–æ—Ü? –ò —á—Ç–æ —Å–∫–∞–∂–µ—à—å –ø—Ä–æ –ø—Ä–æ—Ü–µ—Å—Å–æ—Ä—ã –ø–æ —Ç–∏–ø—É 5800x3d, –æ—Ç–ª–∏—á–Ω—ã–π –¥–ª—è –∫—Å2?","Top Level",""
"@develianonfire3553","2024-02-24T19:35:39Z","2024-02-24T19:35:39Z","0","–ü—Ä–æ—Ü–µ—Å—Å–æ—Ä, –≤–∏–¥—è—Ö–∞ –Ω–µ –¥–∞–µ—Ç –ø—Ä–∏—Ä–æ—Å—Ç–∞ —Ñ–ø—Å –≤ –∫—Å. –Ø 1660 –Ω–∞ 3060 –ø–æ–º–µ–Ω—è–ª, —Ä–∞–∑–Ω–∏—Ü–∞ –µ—Å–ª–∏ –∏ –µ—Å—Ç—å, —Ç–æ –º–∏–Ω–∏–º–∞–ª—å–Ω–∞—è. –ê –≤–æ—Ç –ø—Ä–æ—Ü–µ—Å—Å–æ—Ä –¥–∞—Å—Ç –Ω–∏—Ö—É–π—Å—Ç–≤–µ–Ω–Ω—ã–π –±—É—Å—Ç –∫ —Ñ–ø—Å","Reply","UgytVlfUn868xzCx7WF4AaABAg"
"@dekuk1d470","2024-02-24T20:30:39Z","2024-02-24T20:30:39Z","0","@@develianonfire3553 +","Reply","UgytVlfUn868xzCx7WF4AaABAg"
"@dekuk1d470","2024-02-24T20:30:58Z","2024-02-24T20:30:58Z","0","–∫—É–ø–∏ –ø—Ä–æ—Ü –Ω–µ –º–µ–Ω—è–π –≤–∏–¥—é—Ö—É —ç—Ç–æ –±—Ä–µ–¥","Reply","UgytVlfUn868xzCx7WF4AaABAg"
"@samogooonnn","2024-02-24T20:36:32Z","2024-02-24T20:36:32Z","0","–°–ø–∞—Å–∏–±–æ, —É—Å–ª—ã—à–∞–ª@@develianonfire3553","Reply","UgytVlfUn868xzCx7WF4AaABAg"
"@samogooonnn","2024-02-24T20:36:35Z","2024-02-24T20:36:35Z","0","–°–ø–∞—Å–∏–±–æ@@dekuk1d470","Reply","UgytVlfUn868xzCx7WF4AaABAg"
"@pallstakana001","2024-02-29T07:51:12Z","2024-02-29T07:51:12Z","0","–º–µ–Ω—è—Ç—å –ø–ª–∞—Ç—Ñ–æ—Ä–º—É —Ä–∞–¥–∏ —Ç–æ–≥–æ —á—Ç–æ–±—ã? —á—Ç–æ","Reply","UgytVlfUn868xzCx7WF4AaABAg"
"@lawlessheaven6690","2024-03-01T21:27:08Z","2024-03-01T21:27:08Z","1","–∑–∞—á–µ–º –º–µ–Ω—è—Ç—å –ø—Ä–æ—Ü –µ—Å–ª–∏ –æ–Ω –Ω–æ—Ä–º–∞–ª—å–Ω—ã–π?","Reply","UgytVlfUn868xzCx7WF4AaABAg"
"@XMPxUnki","2024-02-22T20:26:32Z","2024-02-22T20:26:32Z","0","–ú—É–∂–∏–∫ –∞ —á—Ç–æ –¥–µ–ª–∞—Ç—å –µ—Å–ª–∏ —É–¥–∞–ª–∏–ª—Å—è microsoft store –≤–º–µ—Å—Ç–µ —Å control panel —è –ø–æ—Ç—ã–∫–∞–ª –Ω–∞ –≤–æ–∑–≤—Ä–∞—Ç –Ω–µ –≤–µ—Ä–Ω—É–ª–æ—Å—å","Top Level",""
"@fortunaFOREVER","2024-02-22T17:57:53Z","2024-02-22T17:57:53Z","0","–∞ —á—Ç–æ –ø–æ –ø–∞—Ä–∞–º–µ—Ç—Ä–∞–º –∑–∞–ø—É—Å–∫–∞? –µ—Å–ª–∏ –Ω–µ —Å–ª–æ–∂–Ω–æ –æ—Ç–≤–µ—Ç—å –ø–ª—Å)","Top Level",""
"@Wr0ng__","2024-02-22T15:53:03Z","2024-02-22T15:53:03Z","0","–Ω–∞—Å—Ç—Ä–æ–π–∫–∞ –Ω–∏–∑–∫–æ–π –∑–∞–¥–µ—Ä–∂–∫–∏ –≤ –º–æ–Ω–∏—Ç–æ—Ä–µ titan army, –Ω–∞ —á—Ç–æ —Å—Ç–∞–≤–∏—Ç—å –Ω–∞ –≤—ã—Å–æ–∫–æ–µ –∏–ª–∏ –Ω–∏–∑–∫–æ–µ?<br>–Ω–µ –ø–æ–Ω–∏–º–∞—é –µ—Å–ª–∏ –≤—ã—Å–æ–∫–æ–µ –ø–æ—Å—Ç–∞–≤–∏—Ç—å –∑–∞–¥–µ—Ä–∂–∫–∞ –±—É–¥–µ—Ç –≤—ã—Å–æ–∫–∞—è –∏–ª–∏ –Ω–∞–æ–±–æ—Ä–æ—Ç –Ω–∏–∑–∫–∞—è, —Ç–∞–∫–∂–µ –∏ —Å–æ –∑–Ω–∞—á–µ–Ω–∏–µ–º –Ω–∏–∑–∫–æ","Top Level",""
"@dekuk1d470","2024-02-22T16:08:38Z","2024-02-22T16:08:38Z","0","—É –º–µ–Ω—è –ø—Ä–µ–¥–µ–ª—å–Ω—ã–π —Ä–µ–∂–∏–º –Ω–∞ –º–æ–Ω–∏–∫–µ —Å—Ç–æ–∏—Ç","Reply","UgxOgiUoYvzFxIM86Ep4AaABAg"
"@JustReBound","2024-02-21T16:10:14Z","2024-02-21T16:10:14Z","0","–ó–Ω–∞–µ—à—å –∫—Ç–æ —Ç–∞–∫–æ–π Gaussjan? –ï—Å–ª–∏ –∑–Ω–∞–µ—à—å —Ç–æ —ç—Ç–æ —è","Top Level",""
"@DASXyX","2024-02-21T14:42:36Z","2024-02-21T14:42:36Z","0","–µ—Å–ª–∏ –Ω–µ –æ—à–∏–±–∞—é—Å—å –µ—Å–ª–∏ –≥–∞–ª–æ—á–∫—É —É–±—Ä–∞—Ç—å —Ç–æ –º–∞—Å—à—Ç–∞–±–∏—Ä–æ–≤–∞–Ω–∏–µ –Ω–µ –±—É–¥–µ—Ç —Ä–∞–±–æ—Ç–∞—Ç—å –¥–ª—è –±–± (—á–µ—Ä–Ω—ã–µ –ø–æ–ª–æ—Å—ã –ø–æ –±–æ–∫–∞–º) —Ç–æ –µ—Å—Ç—å —ç–∫—Ä–∞–Ω –±—É–¥–µ—Ç —Ä–∞—Å—Ç—è–Ω—É—Ç—ã–º —ç–Ω–∏–≤–µ–π","Top Level",""
"@DASXyX","2024-02-21T14:44:33Z","2024-02-21T14:44:33Z","0","–∏ –µ—â–µ —è –Ω–µ –ø–æ–Ω—è–ª –ø–æ—á–µ–º—É —Ç—ã –Ω–µ —Å–∫–∞–∑–∞–ª –ø—Ä–æ –≤–∏–¥—ã —ç–ª–µ–∫—Ç—Ä–æ–ø–∏—Ç–∞–Ω–∏–∏","Reply","UgwWf83HvcpLe2VkC3x4AaABAg"
"@dekuk1d470","2024-02-21T14:49:26Z","2024-02-21T14:49:26Z","0","–ø—Ä–æ —ç—Ç–æ –∑–∞–±—ã–ª —Ä–æ–ª–∏–∫ –Ω–∞ –±—ã—Å—Ç—Ä—É—é —Ä—É–∫—É@@DASXyX","Reply","UgwWf83HvcpLe2VkC3x4AaABAg"
"@zlyuchaa","2024-02-21T13:47:51Z","2024-02-21T13:47:51Z","0","–ø–æ–ª–µ–∑ –∏–∑–º–µ–Ω—è—Ç—å –ø–∞—Ä–∞–º–µ—Ç—Ä—ã –≤ —Ä–µ–µ—Å—Ç—Ä–µ –≤–∏–Ω–¥—ã, –Ω–µ –æ–±—å—è—Å–Ω–∏–ª –∑–∞—á–µ–º, –Ω–∏ –∑–∞ —á—Ç–æ —ç—Ç–æ—Ç –ø–∞—Ä–∞–º–µ—Ç—Ä –æ—Ç–≤–µ—á–∞–µ—Ç","Top Level",""
"@dekuk1d470","2024-02-21T14:01:46Z","2024-02-21T14:01:46Z","0","–±—Ä–∞—Ç–∞–Ω –ø—Ä–æ—Å—Ç–∏ –º–µ–Ω—è –ø–æ–∂–∞–ª—É–π—Å—Ç–∞ –º–Ω–µ –∂–µ –Ω–µ –≤–ø–∞–¥–ª—É —Å–∏–¥–µ—Ç—å –æ–±—å—è—Å–Ω—è—Ç—å —á–µ –¥–∞ –∫–∞–∫ –≤ —Ä–æ–ª–∏–∫–µ –∫–æ—Ç–æ—Ä—ã–π —è –∑–∞ 10–º–∏–Ω—É—Ç —Å–¥–µ–ª–∞–ª, –∏ —è –∂–µ –µ–±–Ω—É—Ç—ã–π –Ω–∞—Å—Ç—Ä–æ–π—â–∏–∫ –ø–∫ –∞ –Ω–µ –±–ª—è—Ç—å –ø–æ–ª—É –ø—Ä–æ –∏–≥—Ä–æ–∫ –∫–æ—Ç–æ—Ä—ã–π —Å–∏–¥–∏—Ç –ø–æ 15—á–∞—Å–æ–≤ –≤ –∫–æ–Ω—Ç—Ä–µ –∞–ª–æ)","Reply","UgyIo3S91bkKWqAUwGl4AaABAg"
"@m0ncl3ar9","2024-02-21T11:42:48Z","2024-02-21T11:42:48Z","0","–ù–∞ —Å—á–µ—Ç –Ω–∞—Å—Ç—Ä–æ–π–∫–∏ NVIDIA –≤ 3d –Ω–µ –º–Ω–æ–≥–æ –Ω–µ–ø—Ä–∞–≤–∏–ª—å–Ω–∞—è —É —Ç–µ–±—è","Top Level",""
"@BORODACHMC","2024-02-21T11:23:50Z","2024-02-21T11:23:50Z","0","—É –º–µ–Ω—è —â–∞ —Ä5 4500 –∏ —Ä—Ö6600—Ö—Ç, –∫–∞–∫ –¥—É–º–∞–µ—à—å, –µ—Å–ª–∏ –≤–æ–∑—å–º—É —Ä5 5600 —Å–∏–ª—å–Ω–æ —Ñ–ø—Å —É–≤–µ–ª–∏—á–∏—Ç—Å—è?","Top Level",""
"@dekuk1d470","2024-02-21T12:07:04Z","2024-02-21T12:07:04Z","0","–¥–∞ —Å–∏–ª—å–Ω–æ","Reply","UgxmXgtc1ivVOVlDZ4R4AaABAg"
"@d.b.485","2024-02-21T09:41:56Z","2024-02-21T09:41:56Z","0","–ë–ª—è—Ç—å –Ω–∞—Ä–æ–¥ —É –º–µ–Ω—è rtx 4090, 14900–ö –∏ –µ–¥–∏–Ω—Å—Ç–≤–µ–Ω–Ω–∞—è –∏–≥—Ä–∞ –∫ –∫–æ—Ç–æ—Ä–æ–π —É –º–µ–Ω—è –ø—Ä–µ—Ç–µ–Ω–∑–∏–∏ —ç—Ç–æ CS –µ–±–∞–Ω–∞—è 2.","Top Level",""
"@user-rb3hv9zl4f","2024-02-20T22:55:24Z","2024-02-20T22:55:24Z","0","3070ti+12600kf. –Ω–∞ –º–∞–∫—Å –Ω–∞—Å—Ç—Ä–æ–π–∫–∞—Ö —Å—Ç–∞–±–∏–ª—å–Ω–æ 200-350 —Ñ–ø—Å (–≤ –∑–∞–≤–∏—Å–∏–º–æ—Å—Ç–∏ –æ—Ç –∫–∞—Ä—Ç—ã/–º–µ—Å—Ç –∏—Ç–¥). –Ω–æ –∏–Ω–æ–≥–¥–∞ —Ç–∞–∫ –ª–∞–≥–∞–µ—Ç (–Ω–∞–ø—Ä–∏–º–µ—Ä, —Ç–ø–∞–µ—Ç –Ω–∞ –º–∏–ª–∏—Å–µ–∫—É–Ω–¥—É –æ–±—Ä–∞—Ç–Ω–æ), –±—É–¥—Ç–æ –ø–∏–Ω–≥ –ø–æ–¥ —Å–æ—Ç–∫—É. –ø—Ä–∏—á–µ–º –≤—Å–µ–≥–¥–∞ –±—ã–ª–æ –Ω–æ—Ä–º–∞–ª—å–Ω–æ. —Ç—É—Ç –Ω–∞ —Ç—Ä–∏ –Ω–µ–¥–µ–ª–∏ –≤—ã–ø–∞–ª –∏–∑ –∫—Å, —Å–∫–∞—á–∞–ª –æ–±–Ω–æ–≤–ª–µ–Ω–∏—è, –∏ —Ç–æ–ª—å–∫–æ –ø–æ—Å–ª–µ —ç—Ç–æ–≥–æ –Ω–∞—á–∞–ª—Å—è —ç—Ç–æ—Ç —É–∂–∞—Å. –∏–∑–º–µ–Ω–µ–Ω–∏–µ –ø–∞–∫–µ—Ç–æ–≤ –∏ –º–∏–∫—Ä–æ –≤ –Ω–∞—Å—Ç—Ä–æ–π–∫–∞—Ö –Ω–µ –ø–æ–º–æ–≥–ª–æ.","Top Level",""
"@dekuk1d470","2024-02-21T14:00:59Z","2024-02-21T14:00:59Z","0","–ø–æ–º–µ–Ω—è–π –≤–∏–Ω–¥—É –∏ –ø–æ—Å—Ç–∞–≤—å –∏–º—è –Ω–∞ –∞–Ω–≥–ª–∏–π—Å–∫–æ–º —è–∑—ã–∫–µ —è —Ç–∞–∫ –ø–æ—Ñ–∏–∫—Å—Å–∏–ª —Å–≤–æ–∏ —Ñ—Ä–∏–∑—ã –∫–æ–≥–¥–∞ —É—á–µ—Ç–Ω–∞—è –∑–∞–ø–∏—Å—å –±—ã–ª–∞ –Ω–∞ —Ä—É—Å—Å–∫–æ–º —Å—É–ø–µ—Ä –ª–∞–≥–∞–ª–∞ CS 2)","Reply","Ugwigg5PpntGshxYeSt4AaABAg"
"@user-rb3hv9zl4f","2024-02-22T18:03:18Z","2024-02-22T18:03:18Z","1","@@dekuk1d470 –ø–æ–ø—Ä–æ–±—É—é. –í –ª—é–±–æ–º —Å–ª—É—á–∞–µ –ø–∞—Å–∏–±, —á—Ç–æ –ø—ã—Ç–∞–µ—à—å—Å—è –ø–æ–º–æ—á—å)","Reply","Ugwigg5PpntGshxYeSt4AaABAg"
"@user-rb3hv9zl4f","2024-02-24T18:33:18Z","2024-02-24T18:33:18Z","1","@@dekuk1d470 –ø–µ–∑–¥–µ—Ü, —ç—Ç–æ —Ä–µ–∞–ª—å–Ω–æ –ø–æ–º–æ–≥–ª–æ)) —è –µ—â–µ –¥—É–º–∞–ª, –ø–æ—á–µ–º—É —É –º–µ–Ω—è –Ω–∞ –º2 –∫–∞—Ä—Ç—ã –∑–∞–≥—Ä—É–∂–∞–ª–∏—Å—å –¥–æ–ª—å—à–µ, —á–µ–º —É –¥—Ä—É–≥–∞ —Å —Å—Å–¥, —Ç–µ–ø–µ—Ä—å –≤—Å—ë –∑–∞ —Å–µ–∫—É–Ω–¥—ã –ø—Ä–æ–∏—Å—Ö–æ–¥–∏—Ç. –û—Ç –¥—É—à–∏)","Reply","Ugwigg5PpntGshxYeSt4AaABAg"
"@dekuk1d470","2024-02-24T20:31:39Z","2024-02-24T20:31:39Z","0","@@user-rb3hv9zl4f –≤ —Ç–≥ –ø–æ–¥–ø–∏—Å–∫—É –±—ã‚Ä¶","Reply","Ugwigg5PpntGshxYeSt4AaABAg"
"@n1pers71","2024-02-20T21:21:42Z","2024-02-20T21:21:42Z","0","–†–µ–±—è—Ç –ø–æ—Å—Ç–∞–≤—å—Ç–µ —á–∏—Å—Ç—É—é –≤–∏–Ω–¥—É, –∏ –Ω–∞–∫–∞—Ç–∏—Ç–µ –∞—Ç–ª–∞—Å 0.3.2 –∏ –±—É–¥–µ—Ç –≤–∞–º —Å—á–∞—Å—Ç—å–µ","Top Level",""
"@songoku698","2024-02-20T20:48:00Z","2024-02-20T20:48:00Z","0","–Ω–µ –≤–æ–∑–º–æ–∂–Ω–æ –∏–≥—Ä–∞—Ç—å","Top Level",""
"@songoku698","2024-02-20T20:47:37Z","2024-02-20T20:47:37Z","0","—Å–ø—Å —Ç–µ–ø–µ—Ä—å rate 300-100 –¥–æ —ç—Ç–æ–≥–æ –±—ã–ª–æ 900-1000","Top Level",""
"@IlyaStoner-vb8im","2024-02-20T19:58:09Z","2024-02-20T19:58:09Z","0","–ü–æ—Å–ª–µ –º–∞—Å—à—Ç–∞–±–∞ –Ω–∞ –¥–∏—Å–ø–ª–µ–π –º–æ–∂–Ω–æ –∑–∞–∫–æ–Ω—á–∏—Ç—å","Top Level",""
"@Ekage","2024-02-21T15:14:29Z","2024-02-21T15:14:29Z","0","–û–Ω –≤—Å–µ –ø–æ —Ñ–∞–∫—Ç—É —Å–∫–∞–∑–∞–ª, –º–∞—Å—à—Ç–∞–±–∏—Ä–æ–≤–∞–Ω–∏–µ –Ω–∞ –≥–ø –∫–µ—à–∏—Ä—É–µ—Ç —Ñ–∞–π–ª—ã –∏ –ø–µ—Ä–µ–¥–∞–µ—Ç –∏—Ö –ø–æ—Å–ª–µ —ç—Ç–æ–≥–æ –Ω–∞ –¥–∏—Å–ø–ª–µ–π, –∞ —Å–∫–µ–π–ª–∏–Ω–≥ –Ω–∞ –¥–∏—Å–ø–ª–µ–π –º–∏–Ω—É–µ—Ç –≤–∏–¥–µ–æ–∫–∞—Ä—Ç—É –∏ –æ—Ç–ø—Ä–∞–≤–ª—è–µ—Ç –¥–∞–Ω–Ω—ã–µ —Å—Ä–∞–∑—É –≤ –º–æ–Ω–∏—Ç–æ—Ä —Ç–µ–º —Å–∞–º—ã–º –∏–∑–æ–±—Ä–∞–∂–µ–Ω–∏–µ –ø–æ—Å—Ç—É–ø–∞–µ—Ç –±—ã—Å—Ç—Ä–µ–µ –ø–æ—Ç–æ–º—É —á—Ç–æ –Ω–µ –ø—Ä–æ—Ö–æ–¥–∏—Ç –ø—É—Ç—å —á–µ—Ä–µ–∑ –¥–æ–ø–æ–ª–Ω–∏—Ç–µ–ª—å–Ω—É—é –æ–±—Ä–∞–±–æ—Ç–∫—É –≤–∏–¥–µ–æ–∫–∞—Ä—Ç–æ–π","Reply","Ugy43wO4A1De2weCX-94AaABAg"
"@toxavi2053","2024-02-22T03:15:03Z","2024-02-22T03:15:03Z","0","–¢–∞–∫ —á—Ç–æ —Å—Ç–∞–≤–∏—Ç—å –Ω–∞–¥–æ –ì–ü  ,displey?üòÖ","Reply","Ugy43wO4A1De2weCX-94AaABAg"
"@Ekage","2024-02-22T07:08:57Z","2024-02-22T07:08:57Z","0","@@toxavi2053 –¥–∏—Å–ø–ª–µ–π —Å—Ç–∞–≤—å –µ—Å–ª–∏ –º–æ–Ω–∏—Ç–æ—Ä –Ω–µ –∑–æ–≤–∏","Reply","Ugy43wO4A1De2weCX-94AaABAg"
"@dekuk1d470","2024-02-22T16:09:29Z","2024-02-22T16:09:29Z","0","@@toxavi2053–Ω–µ –∑–æ–≤–∏ –º–æ–Ω–∏—Ç–æ—Ä —Å—Ç–∞–≤—å –¥–∏—Å–ø–ª–µ–π –µ—Å–ª–∏ –∑–æ–≤–∏ —Ç–æ –≥–ø","Reply","Ugy43wO4A1De2weCX-94AaABAg"
"@dekuk1d470","2024-02-22T16:09:36Z","2024-02-22T16:09:36Z","0","))","Reply","Ugy43wO4A1De2weCX-94AaABAg"
"@IlyaStoner-vb8im","2024-02-24T21:41:58Z","2024-02-24T21:41:58Z","0","@@toxavi2053 –≤—Å–µ–≥–¥–∞ –ì–ü","Reply","Ugy43wO4A1De2weCX-94AaABAg"
"@kishi_qt9890","2024-02-20T15:39:02Z","2024-02-20T15:39:02Z","0","benq —Å—Ç–∞—Ä—ã–π 2011–≥–æ–¥–∞&lt; –≥–ø –∏–ª–∏ –¥–∏—Å–ø–ª–µ–π?) —Å –¥–∏—Å–ø–ª–µ–µ–º —É–ª—å—Ç—Ä–∞–¥–æ–ª–≥–∏–π –∞–ª—å—Ç–∞–± –ø—Ä–∏ —Ä–∞–∑–Ω–æ–º —Ä–∞–∑—Ä–µ—à–µ–Ω–∏–∏ –≤ –∏–≥—Ä–µ –∏ –Ω–∞—Ä–∞–±–æ—á–µ–º —Å—Ç–æ–ª–µ –ø—Ä–æ–∏—Å—Ö–æ–¥–∏—Ç, –µ—Å–ª–∏ –≥–ø —Ç–æ –≤—Å–µ –±—ã—Å—Ç—Ä–æ, –Ω–æ –≤ —Ü–µ–ª–æ–º —Ç–æ–≥–¥–∞ —á—Ç–æ —Å—Ç–∞–≤–∏—Ç—å?","Top Level",""
"@dekuk1d470","2024-02-20T17:58:26Z","2024-02-20T17:58:26Z","0","–¥–∞ –ª—É—á—à–µ –≥–ø","Reply","UgzlpJl-UTzPq92oye94AaABAg"
"@blackaze5361","2024-02-20T10:27:18Z","2024-02-20T10:27:18Z","0","–¥–∞–∂–µ –Ω–∞ benq –º–æ–∂–Ω–æ –ø–æ—Å—Ç–∞–≤–∏—Ç—å –¥–∏—Å–ø–ª–µ–π —Å–∫—ç–π–ª–∏–Ω–≥, –Ω—É–∂–Ω–æ –∏—Å–ø–æ–ª—å–∑–æ–≤–∞—Ç—å –ø—Ä–æ–≥—Ä–∞–º–º—É CRU","Top Level",""
"@dekuk1d470","2024-02-20T10:29:52Z","2024-02-20T10:29:52Z","0","—ç—Ç –ø–æ–Ω—è—Ç–Ω–æ –Ω–æ —Å–µ–Ω—Å–∞ –Ω–µ —Ç–∞ –Ω–∞ —Ö–ª2546–∫ –Ω–∞ –¥–∏—Å–ø–ª–µ–µ –Ω–µ —Ç–æ –±—ã–ª–æ –Ω–∞ –≥–ø –≤–∞—â–µ –∞–Ω–ª–∞–∫","Reply","UgyIprKRM8Ve23Q4Bep4AaABAg"
"@neil6550","2024-02-20T10:06:21Z","2024-02-20T10:06:21Z","1","–í—Ö–∞—Ö–∞—Ö–∞—Ö–∞—Ö–∞ –Ω–∞—Å–º–µ—à–Ω–∏–ª, –ø—Ä–æ—Å—Ç–æ –∫–∞—á–∞–µ—Ç–µ –≤–∏–Ω–¥—É 10 ltsc –∏–ª–∏ PRO –∏ –æ–ø—Ç–∏–º–∏–∑–∏—Ä—É–µ—Ç–µ –µ—ë –ø–æ –≥–∞–π–¥—É(–Ω–æ –Ω–µ –ø–æ —ç—Ç–æ–º—É) –≤–æ—Ç –∏ –≤—Å—ë, –∞ —Ç–∏–ø —É –≤–∞—Å –º–æ–∂–µ—Ç –ø—Ä–æ—Å—Ç–æ –¥–∞–Ω–Ω—ã–µ —Å–ø–∏–∑–¥–∏—Ç—å","Top Level",""
"@dekuk1d470","2024-02-20T13:23:37Z","2024-02-20T13:23:37Z","0","–•–ê–•–ê–•–ê–ê –ö–ê–ö –Ø –î–ê–ù–ù–´–ï –£–ö–†–ê–î–£ –¢–´ –ß–ï –í–ê–©–ï –ê–õ–ö–ê–®","Reply","UgxkZCyeJFlnpyf_3QF4AaABAg"
"@neil6550","2024-02-20T19:10:38Z","2024-02-20T19:10:38Z","0","@@dekuk1d470 —Å—Ç–∏–ª–ª–µ—Ä –≤ —Ñ–∞–π–ª—ã –∑–∞–∫–∏–Ω—É–ª –∏ –≤—Å√´ —Ç–∏–ø –¥–∞–∂–µ –Ω–µ –∑–∞–º–µ—Ç–∏—Ç –Ω–µ—á–µ–≥–æ, –∑–∞–º–µ—Ç–∏—Ç —Ç–æ–ª—å–∫–æ —Ç–æ–≥–¥–∞ –∫–æ–≥–¥–∞ –∞–∫—Ç–∏–≤–Ω–æ—Å—Ç—å —É–≤–∏–¥–∏—Ç –Ω–∞ –µ–≥–æ —Å–æ—Ü.—Å–µ—Ç—è—Ö –∏ –≤ —Å—Ç–∏–º–µ","Reply","UgxkZCyeJFlnpyf_3QF4AaABAg"
"@dekuk1d470","2024-02-20T22:19:28Z","2024-02-20T22:19:28Z","0","–ª–∞–¥–Ω–æ –∏–≤–∞–Ω –∑–æ–ª–æ —É–º–Ω—ã–π","Reply","UgxkZCyeJFlnpyf_3QF4AaABAg"
"@p0gocsgo629","2024-02-19T23:13:41Z","2024-02-19T23:13:41Z","0","–º–æ–∂–µ—à—å –ø–∂ –ø–æ–¥—Å–∫–∞–∑–∞—Ç—å, –∫–∞–∫–∏–µ —à–∞–Ω—Å—ã –≤—ã–∂–∞—Ç—å –Ω–æ—Ä–º–∏–∫ —Ñ–ø—Å –∏–∑ 1060 3–≥–±, i5 64x, –Ω—É –∏ –º–æ–Ω–∏—Ç–æ—Ä —Ö–∑ –æ–Ω –Ω–µ –≤–ª–∏—è–µ—Ç –Ω–∞ —Ñ–ø—Å (–Ω–∞–≤–µ—Ä–Ω–æ–µ) 144–≥—Ü –∞–æ—Å?","Top Level",""
"@MrRazor7sk","2024-02-20T23:20:48Z","2024-02-20T23:20:48Z","0","—Å i5 6400 –≥–∞–±–µ–ª–∞ —Å—á–∏—Ç–∞–π, 4 —è–¥—Ä–∞ 4 –ø–æ—Ç–æ–∫–∞, –Ω—É–∂–Ω–æ –º–µ–Ω—è—Ç—å –ø—Ä–æ—Ü","Reply","UgzttaCgOF6yNyU_ayR4AaABAg"
"@flashb1t.829","2024-02-28T23:13:04Z","2024-02-28T23:13:04Z","0","–Ω—É–ª–µ–≤—ã–µ –∫ —Å–æ–∂–∞–ª–µ–Ω–∏—é, –ø—Ä–æ—Ü–µ—Å—Å–æ—Ä –ø–æ–¥ —Å–º–µ–Ω—É, —Å–∏–¥–µ–ª —Å–∞–º –Ω–∞ i3 10100 ( –ø–æ —Å—É—Ç–∏ –∞–Ω–∞–ª–æ–≥ i7 6700 ) –∏ –≤–∞—â–µ –Ω–µ –æ—á –±—ã–ª–æ, –∫—É–ø–∏–ª i7 10700 –Ω–∞ —Ñ–∞—Å–∏–∫–µ —Ñ–ø—Å –¥—Ä–æ–ø–∞–µ—Ç—Å—è –Ω–∞ —Ñ–∞—Å–∏–∫–µ, –º–º—á–∏–∫ –∏–¥–µ–∞–ª—å–Ω–æ –ª–µ—Ç–∞–µ—Ç <br>@@MrRazor7sk","Reply","UgzttaCgOF6yNyU_ayR4AaABAg"
"@MrRazor7sk","2024-02-28T23:19:11Z","2024-02-28T23:19:11Z","0","–±–µ—Ä–∏ —Ä–∞–π–∑–µ–Ω –ø–ª–∞—Ç—Ñ–æ—Ä–º—É, –ª—É—á—à–µ –¥–ª—è –∏–≥—Ä –∏–∑-–∑–∞ L3 cache, –º–µ–Ω—å—à–µ –ø—Ä–æ—Å–∞–¥–∫–∏ —Ñ–ø—Å, —É –º–µ–Ω—è 5600—Ö 3060 –ø–æ–ª–µ—Ç –Ω–æ—Ä–º","Reply","UgzttaCgOF6yNyU_ayR4AaABAg"
"@p0gocsgo629","2024-02-19T23:07:36Z","2024-02-19T23:07:36Z","0","–±—Ä–æ, —Ç–æ–≥–æ —Ä–æ—Ç, —è —Ç–æ–ª—å–∫–æ —á—Ç–æ –ø—ã—Ç–∞–ª—Å—è –Ω–∞—Å—Ç—Ä–æ–∏—Ç—å –∫—Å –∏ –∫–æ–º–ø –ø–æ–¥ 1060 3–≥–±, —á—É—Ç—å –Ω–µ –≤—Å–∫—Ä—ã–ª—Å—è. –≤—ã–∫–ª—é—á–∏–ª –ø–∫ –Ω–∞ –Ω–µ—Ä–≤–∞—Ö, —É–∂–µ –±—ã–ª –≥–æ—Ç–æ–≤ –ø—Ä–æ–¥–∞–≤–∞—Ç—å –≤—Å–µ –ø–æ–¥ —á–∏—Å—Ç—É—é. –µ—Å–ª–∏ –∑–∞–≤—Ç—Ä–∞ —è —Å–¥–µ–ª–∞—é –≤—Å–µ –ø–æ —Ç–≤–æ–µ–π —Å—Ç—Ä–∞—Ç–µ–≥–∏–∏ –∏ –≤—Å–µ –±—É–¥–µ—Ç —á–∏–∫–∏ –ø—É–∫–∏, —è –ø–æ—Å—Ç–∞–≤–ª—é –∑–∞ —Ç–µ–±—è —Å–≤–µ—á—É","Top Level",""
"@dekuk1d470","2024-02-19T23:12:11Z","2024-02-19T23:12:11Z","0","—Ö–∞–∞—Ö—Ö–∞ –±–∞–∑–∞—Ä","Reply","UgwPZb9a6PyJgVLftzV4AaABAg"
"@user-bv3lr5xq1r","2024-02-21T20:31:19Z","2024-02-21T20:31:19Z","0","–ù—É –∏ –∫–∞–∫ ?","Reply","UgwPZb9a6PyJgVLftzV4AaABAg"
"@p0gocsgo629","2024-02-22T11:59:22Z","2024-02-22T11:59:22Z","0","@@user-bv3lr5xq1r–±—Ä–æ, –Ω—É —Å–º–æ—Ç—Ä–∏, —è –Ω–∞—Å—Ç—Ä–æ–∏–ª, –≤—Å–µ –∫–∞–∫ –±—É–¥—Ç–æ –ª—É—á—à–µ —Å—Ç–∞–ª–æ, –Ω–æ –≤—Å–µ —Ä–∞–≤–Ω–æ –µ—Å—Ç—å –º–∏–∫—Ä–æ—Ñ—Ä–∏–∑—ã, —è –¥—É–º–∞—é —á—Ç–æ –ø–æ –±–æ–ª—å—à–µ–π —á–∞—Å—Ç–∏ –ø—Ä–æ–±–ª–µ–º–∞ —Å–æ—Å—Ç–æ–∏—Ç –≤ —Ç–æ–º —á—Ç–æ —É –º–µ–Ω—è —Å–ª–∞–±–∞—è –æ–ø–µ—Ä–∞—Ç–∏–≤–∫–∞, –∏ —è –ø—Ä–∞–∫—Ç–∏—á–µ—Å–∫–∏ –Ω–∏—á–µ–≥–æ –Ω–µ –º–µ–Ω—è–ª –≤ –±–∏–æ—Å–µ","Reply","UgwPZb9a6PyJgVLftzV4AaABAg"
"@netessov_a6422","2024-02-28T05:56:41Z","2024-02-28T05:56:41Z","0","–ø–æ—Ö–æ–¥—É –≤—Å–µ —Ç–∞–∫–∏ –ø—Ä–æ–¥–∞–ª —Ö–∞—Ö–∞–∞—Ö–∞@@user-bv3lr5xq1r","Reply","UgwPZb9a6PyJgVLftzV4AaABAg"
"@ZERGGXDMAIN","2024-02-19T16:48:46Z","2024-02-19T16:48:46Z","0","–±—Ä–∞—Ç,  —Ç—ã –∏—Å–ø–æ–ª—å–∑—É–µ—à—å –∫–∞–∫–∏–µ —Ç–æ –ø–∞—Ä–∞–º–µ—Ç—Ä—ã –∑–∞–ø—É—Å–∫–∞?<br>–µ—Å–ª–∏, –¥–∞ —Ç–æ —Å–∫–∞–∂–∏ –∫–∞–∫–∏–µ –ø–ª–∏–∑","Top Level",""
"@dekuk1d470","2024-02-21T14:00:30Z","2024-02-21T14:00:30Z","0","-nojoy -freq 144 –¥–∞ –∏ –≤—Å–µ –∫–∞–∫ –±—É–¥—Ç–æ –±–æ–ª—å—à–µ –∏ –Ω–µ –Ω–∞–¥–æ –Ω—É –∏ –µ—Å–ª–∏ —É —Ç–µ–±—è –ø—Ä–æ—Ü–µ—Å—Å–æ—Ä –æ—Ç –∏–Ω–µ—Ç–ª 12+–ª–∏–Ω–µ–π–∫–∏ -threads 9 —Å—Ç–∞–≤–∏—à—å —á—Ç–æ–± –≤—Å–µ —è–¥—Ä–∞ –≤ –∫–æ–Ω—Ç—Ä–µ —Ä–∞–±–æ—Ç–∞–ª–∏","Reply","Ugxdlw4IjmZCV4i502F4AaABAg"
"@RWRSmyatankA","2024-02-19T09:52:04Z","2024-02-19T09:52:04Z","0","–ê –ø–∞–ø–æ—á–∫—É —Å –Ω–∞—Å—Ç—Ä–æ–π–∫–∞–º–∏ –¥–ª—è –≤–∏–Ω–¥—ã —Ç—ã —Å–∫–æ—Ä–µ–µ –≤—Å–µ–≥–æ –≤–∑—è–ª —É Kazzka )))","Top Level",""
"@dekuk1d470","2024-02-19T09:54:44Z","2024-02-19T09:54:44Z","0","–¥–∞ –Ω–µ—Ç —Å–∞–º —Å–æ–∑–¥–∞–ª –∞ —á–µ —Ç–∞–º —Ç–∞–∫–æ–≥–æ –Ω–≤–º —Å–ª–∏–º–µ—Ä)) –æ—Ç–∫–ª—é—á–µ–Ω–∏–µ –ø—Ä–∏–∫–æ–ª–æ–≤ —É –∏–æ—Å–∏—Ñ–∞ –∏ –≤—Å–µ —ç—Ç–æ –¥–µ—Ñ–æ–ª—Ç","Reply","UgxZy_MiK0PEsfBwlwF4AaABAg"
"@RWRSmyatankA","2024-02-19T10:00:09Z","2024-02-19T10:00:09Z","0","@@dekuk1d470 –¥–∞, –¥–µ—Ñ–æ–ª—Ç —Å–æ–≥–ª–∞—Å–µ–Ω ü§ùüèª","Reply","UgxZy_MiK0PEsfBwlwF4AaABAg"
"@illk3d","2024-02-19T07:42:50Z","2024-02-19T07:42:50Z","0","–Ω–∏—Ö—É9 —Ñ–∞—Ö–∏—Ç–æ—Å –∑–¥–∞—Ä–æ–≤–∞ –æ_–û! –∫–æ–≥–¥–∞ –≥–∞–π–¥ –ø–æ —Ä—É—Å—Å–∫–æ–π —Ä—É–ª–µ—Ç–∫–µ –≤ –ª–µ—Ç–∞–ª –∫–æ–º–ø–∞–Ω–∏?","Top Level",""
"@dekuk1d470","2024-02-19T09:55:01Z","2024-02-19T09:55:01Z","0","–•–ê–•–ê–ê–•–ê","Reply","UgzHhcZp1XXZoXiTIpN4AaABAg"
"@shiiroufo","2024-02-19T03:34:56Z","2024-02-19T03:39:47Z","1","–ë—Ä–æ, —É –º–µ–Ω—è –ø–æ—á–µ–º—É —Ç–æ —Å –≥–∞–ª–æ—á–∫–æ–π –∏ —Å –¥–∏—Å–ø–ª–µ–π –ª—É—á—à–µ –º—ã—à–∫–∞ —Å–µ–±—è –≤–µ–¥—ë—Ç, –∞ –±–µ–∑ –≥–∞–ª–∫–∏ –ø–æ –¥–µ—Ñ–æ–ª—Ç—É –∏–≥—Ä–∞–µ—Ç—Å—è –∫–∞–∫ —Ç–æ –º—ã–ª—å–Ω–æ, –º—ã—à–∫–∞ –ø—Ä–æ—Å—Ç–æ –±–µ—Ç–æ–Ω–Ω–∞—è.<br>–ú–æ–Ω–∏—Ç–æ—Ä Samsung SyncMaster Bx2340 75 hz (1920x1080, 1280x1024)<br>Ryzen 5 5600x 4ghz razgon <br>Gtx 1060 3gb<br>P.s –∏–≥—Ä–∞–ª —É–∂–µ 5 –¥–µ–Ω—å –∏ —Ä–∞–∑–Ω–∏—Ü–∞ –µ—Å—Ç—å, —è —Ç–µ–ø–µ—Ä—å —Å 30 —Ö–µ–¥—à–æ—Ç —Ä–µ–π—Ç–∞ –≤ –≤–∞–ª–æ—Ä–∞–Ω—Ç–µ —è –±—å—é 40-50 –∑–∞ –º–∞—Ç—á.","Top Level",""
"@dekuk1d470","2024-02-19T09:55:24Z","2024-02-19T09:55:24Z","1","–Ω–∞–π—Å—Å—Å","Reply","Ugz_01rLJg3XBArvGHB4AaABAg"
"@link3720","2024-02-18T23:19:10Z","2024-02-18T23:19:10Z","0","–ú–æ–ª–æ–¥–µ—Ü","Top Level",""
"@dekuk1d470","2024-02-18T23:21:23Z","2024-02-18T23:21:23Z","0","—Å–ø–∞—Å–∏–±","Reply","Ugwxb-_pzq67NJ7Vy8N4AaABAg"
"@kise8707","2024-02-18T14:19:19Z","2024-02-18T14:19:19Z","2","—ç—Ç–∏ –≤—Å–µ –Ω–∞—Å—Ç—Ä–æ–π–∫–∏ –æ—Ç –∞ –¥–æ —è. –Ω–µ –ø–æ–≤–ª–∏—è–µ—Ç –Ω–∞ —Ñ–ø—Å –∏ —Ä–∞–±–æ—Ç—Å–ø–æ—Å–æ–±–Ω–æ—Å—Ç–∏ –¥—Ä—É–≥–∏—Ö –∏–≥—Ä?","Top Level",""
"@psevdonimka73526","2024-02-18T20:48:28Z","2024-02-18T20:48:28Z","0","–Ω–µ, —Ç—É—Ç —Ñ–∞—Å –æ—Å–æ–±–æ –Ω–µ –ø–æ–¥–Ω–∏–º–µ—Ç—Å—è, –Ω–æ —Å—Ç–∞–Ω–µ—Ç —Å—Ç–∞–±–∏–ª—å–Ω–µ–µ, –∏ —Ç–∞–∫ –≤ –ª—é–±–æ–º –ø—Ä–∏–ª–æ–∂–µ–Ω–∏–∏, —Å—Ç–∞–Ω–µ—Ç –±–æ–ª–µ–µ —Å—Ç–∞–±–∏–ª—å–Ω—ã–π —Ñ–ø—Å –∏ –ø–æ—ç—Ç–æ–º—É –º–∏–∫—Ä–æ –ª–∞–≥–∏ –∏ —Ñ—Ä–∏–∑—ã –ø—Ä–æ–ø–∞–¥—É—Ç","Reply","UgwBjrL6YiH9U8Fe7754AaABAg"
"@trebbettcu8654","2024-02-18T07:41:40Z","2024-02-18T07:41:40Z","0","–±—Ä–æ, —Å–∫–æ–ª—å–∫–æ —â–∞ –Ω–∞ 5600 —Ñ–ø—Å–∞ —É —Ç–µ–±—è?","Top Level",""
"@dekuk1d470","2024-02-18T12:55:15Z","2024-02-18T12:55:15Z","0","—Å 1060 –Ω–∞ –¥–º–µ 300-350 –∫—Å2 –±–æ–ª–µ–µ –ø—Ä–æ—Ü–µ—Å—Å–Ω–∞—è –∏–≥—Ä–∞, –Ω–∞ 4060 –Ω–∞ 5600  —Å—Ç–æ–ª—å–∫–æ –∂–µ —Ñ–ø—Å –∫–∞–∫ –∏ –Ω–∞ 1660 –Ω–∞ –ª–æ—É –Ω–∞—Å—Ç—Ä–æ–π–∫–∞—Ö","Reply","Ugw6NIGSDNZjN2v94ct4AaABAg"
"@youth5342","2024-02-19T16:56:56Z","2024-02-19T16:56:56Z","0","@@dekuk1d470–µ–±–∞—Ç—å, —É –º–µ–Ω—è —Ä–∞–π–∑–µ–Ω 5600x –∏ 3060 –∏ 100—Ñ–ø—Å –Ω–∞—Ö—É–π,—Ö–æ—Ç—è –≤ –∫—Å –≤—Å–µ –Ω–æ—Ä–º –±—ã–ª–æ,—Ö—É–π –∑–Ω–∞–µ—Ç —á—Ç–æ –¥–µ–ª–∞—Ç—å –≤–∏–Ω–¥—É —Å–Ω–µ—Å—Ç–∏..","Reply","Ugw6NIGSDNZjN2v94ct4AaABAg"
"@user-jr7vt7tk1j","2024-02-18T07:34:01Z","2024-02-18T07:34:01Z","3","–£ –º–µ–Ω—è –ú–æ–Ω–∏–∫ –æ—Ç benq, –Ω–æ –Ω–µ Zowie, –µ—Å—Ç—å –≤ –ø–∞–Ω–µ–ª–∏ —Ç–æ–ª—å–∫–æ –≤–∞—Ä–∏–∞–Ω—Ç —Å –ì–ü, –≤–æ–ø—Ä–æ—Å-–Ω—É–∂–Ω–æ –ª–∏ —Å—Ç–∞–≤–∏—Ç—å –≥–∞–ª–∫—É –Ω–∞ –º–∞—Å—à—Ç–∞–±–∏—Ä–æ–≤–∞–Ω–∏–µ –∏–ª–∏ –æ—Å—Ç–∞–≤–∏—Ç—å –ø—É—Å—Ç–æ–π? –ò –µ—â–µ, –µ—Å–ª–∏ —à–∞—Ä–∏—à—å –º–æ–∂–µ—à—å –ø–∂ —Å–∫–∞–∑–∞—Ç—å —Ñ—É–Ω–∫—Ü–∏—è ama –≤ –ú–æ–Ω–∏–∫–µ —Å—Ç–∞–≤–∏—Ç—å –Ω–∞ –≤—ã—Å–æ–∫—É—é –∏–ª–∏ –Ω–∞ –ø—Ä–µ–º–∏—É–º?","Top Level",""
"@dekuk1d470","2024-02-18T12:53:53Z","2024-02-18T12:53:53Z","0","–ú–Ω–æ–≥–∏–µ –∏–≥—Ä–∞—é—Ç –Ω–∞ –≤—ã—Å–æ–∫–æ–º —è —Å–∞–º —Ç–æ–∂–µ –∏–≥—Ä–∞–ª –Ω–∞ –≤—ã—Å–æ–∫–æ–º —Ç–∞–∫ –∫–∞–∫ —Ç–æ –±–æ–ª–µ–µ –∫–æ–º—Ñ–æ—Ä—Ç–Ω–æ, –Ω—É –ø–æ –∏–¥–µ–µ –≥–∞–ª–∫–∞ –æ—Å–æ–±–æ –Ω–µ —Ä–æ–ª—è–µ—Ç –º–æ–∂–µ—à—å –ø–æ—Å—Ç–∞–≤–∏—Ç—å","Reply","Ugw_Vl5smuevLk71Ew94AaABAg"
"@aza4519","2024-02-18T07:27:43Z","2024-02-18T07:27:43Z","0","–≤–∏–¥–µ–æ –≥–æ–≤–Ω–æ. —Ñ—É—É","Top Level",""
"@hyodexnt","2024-02-18T06:47:48Z","2024-02-18T06:47:48Z","0","–ë—Ä–∞—Ç —è –∫–æ–Ω–µ—á–Ω–æ –Ω–µ –Ω–æ—é –Ω–∞ —ç—Ç—É —Ç–µ–º—É —Ç–∞–∫ –∫–∞–∫ –Ω–µ –≤–∏–∂—É –Ω–∏–∫–∞–∫–∏—Ö –∏–Ω–ø—É—Ç –ª–∞–≥–æ–≤, –Ω–æ —Ç–∞–∫–æ–µ –ø–æ–Ω—è—Ç–∏–µ —Ä–µ–∞–ª—å–Ω–æ —Å—É—â–µ—Å—Ç–≤—É–µ—Ç –∏ –º–æ–∂–µ—Ç –≤–ª–∏—è—Ç—å –Ω–∞ –∏–≥—Ä—ã, –ø—Ä–æ—Å—Ç–æ –º–Ω–æ–≥–∏–µ –Ω–æ—é—Ç –¥–∞–∂–µ –Ω–µ –∑–Ω–∞—è —á—Ç–æ —ç—Ç–æ —Ç–∞–∫–æ–µ","Top Level",""
"@dekuk1d470","2024-02-18T11:53:32Z","2024-02-18T11:53:32Z","0","–ù–µ –∏–Ω–ø—É—Ç –ª–∞–≥ –µ—Å—Ç—å —ç—Ç–æ —Ñ–∞–∫—Ç, –Ω–æ –æ–Ω–æ –Ω–µ —Ç–∞–∫ —Ä–æ–ª—è–µ—Ç –∫–∞–∫ –ª—é–¥–∏ –≥–æ–≤–æ—Ä—è—Ç, –≤–ø–ª–∞–Ω–µ —Å –∏–Ω–ø—É—Ç–æ–º —Å–ø–æ–∫–æ–π–Ω–æ –º–æ–∂–Ω–æ –≤—ã–π—Ç–∏ –Ω–∞ —Ç–∏—Ä 3-4 —Å—Ü–µ–Ω—É –∏ –ø–æ–µ—Ö–∞—Ç—å –Ω–∞ –±—É—Ç–∫–µ–º–ø –∏–ª–∏ –ª–∞–Ω –≥–¥–µ –¥–æ–∫–∞–∑—ã–≤–∞—Ç—å —á—Ç–æ —Ç—ã —Ä–µ–∞–ª—å–Ω–æ –æ—á–µ–Ω—å —Å–∏–ª–µ–Ω","Reply","Ugyy3CLCX4Uq4up6WIh4AaABAg"
"@hyodexnt","2024-02-18T15:12:18Z","2024-02-18T15:12:18Z","0","@@dekuk1d470 –Ω—É—É—É –Ω–∞ —Å—á—ë—Ç —Ç–æ–≥–æ —á—Ç–æ –º–æ–∂–Ω–æ –≤—ã–π—Ç–∏ –Ω–∞ —Ç–∏—Ä 3-4 —Å—Ü–µ–Ω—É —ç—Ç–æ –¥–∞, –Ω–æ –æ–Ω —Å–∏–ª—å–Ω–æ –≤–ª–∏—è–µ—Ç –∏ –æ—á–µ–Ω—å –¥–∞–∂–µ –Ω–æ, –æ–ø—è—Ç—å –∂–µ —É –≤—Å–µ—Ö –æ–Ω –ø—Ä–æ—è–≤–ª—è–µ—Ç—Å—è –ø–æ —Ä–∞–∑–Ω–æ–º—É –º–æ–∂–µ—Ç –∏ —Å–∏–ª—å–Ω–æ –∞ –º–æ–∂–µ—Ç –∏ –Ω–µ—Ç, –Ω–æ —Ç–æ —á—Ç–æ –≤—Å–µ –Ω–æ—é—Ç —Ç–æ–ª—å–∫–æ –ø–æ—Ç–æ–º—É —è—Ç–æ –æ–Ω —Å—É—â–µ—Å—Ç–≤—É–µ—Ç –∞ –Ω–∞ —Å–∞–º–æ–º –¥–µ–ª–µ –µ–≥–æ —É –Ω–∏—Ö –Ω–µ—Ç —ç—Ç–æ —Ñ–∞–∫—Ç","Reply","Ugyy3CLCX4Uq4up6WIh4AaABAg"
"@dekuk1d470","2024-02-18T15:14:53Z","2024-02-18T15:14:53Z","0","@@hyodexnt –ù—É –¥–∞ –Ω—É –≤—Å–µ —Ä–∞–≤–Ω–æ –≤—ã–π—Ç–∏ –Ω–∞ —É—Ä–æ–≤–µ–Ω—å –ª–∞–Ω–∞ –∏ —Ç–∞–º –æ—Ç—å–µ–±–∞—Ç—å –∏ —Ç–µ–±—è –∑–∞–º–µ—Ç–∏–ª–∏ –º–æ–∂–Ω–æ","Reply","Ugyy3CLCX4Uq4up6WIh4AaABAg"
"@KostyanGang","2024-02-19T15:31:02Z","2024-02-19T15:31:02Z","0","Alt+r –Ω–∞ –≤–∏–¥–µ–æ–∫–∞—Ä—Ç–∞—Ö Nvidia , –ø–æ–∫–∞–∑—ã–≤–∞–µ—Ç –∑–∞–¥–µ—Ä–∂–∫—É –ü–ö, —ç—Ç–æ –∏ –µ—Å—Ç—å –∏–Ω–ø—É—Ç –ª–∞–≥. –ï—Å–ª–∏ –±–æ–ª—å—à–µ 20 Ms , —Å–±–∞–≤–ª—è–π—Ç–µ –Ω–∞—Å—Ç—Ä–æ–π–∫–∏.  –¢–∫ —ç—Ç–æ –ø–æ–ª—É—á–∞–µ—Ç—Å—è, —á—Ç–æ –∑–∞–¥–µ—Ä–∂–∫–∞ = –∏–Ω–ø—É—Ç + –ø–∏–Ω–≥.","Reply","Ugyy3CLCX4Uq4up6WIh4AaABAg"
"@hyodexnt","2024-02-19T16:25:21Z","2024-02-19T16:25:21Z","0","@@KostyanGang –µ—Å—Ç—å 2 –ø–æ–Ω—è—Ç–∏—è –∏–Ω–ø—É—Ç –ª–∞–≥ –∏ –µ—â—ë –∫–∞–∫–æ–µ —Ç–æ, –≤—Ç–æ—Ä–æ–µ —Ç–∞–∫ –ø—Ä–æ—Å—Ç–æ –Ω–µ –ø—Ä–æ–≤–µ—Ä–∏—Ç—å –º—ã –æ –Ω—ë–º –∏ –≥–æ–≤–æ—Ä–∏–ª–∏, –∞ —Ç–æ –æ —á—ë–º —Ç—ã –≥–æ–≤–æ—Ä–∏–ª —ç—Ç–æ –ø—Ä–æ—Å—Ç–æ –∑–∞–¥–µ—Ä–∂–∫–∞","Reply","Ugyy3CLCX4Uq4up6WIh4AaABAg"
"@-x1M1k","2024-02-17T03:01:36Z","2024-02-17T03:01:36Z","0","üëçüëç","Top Level",""
"@aquars1115","2024-02-16T12:03:04Z","2024-02-16T12:03:04Z","0","–≠—Ç–æ—Ç –º–æ—à–µ–Ω–Ω–∏–∫ –≤–∑—è–ª –∏ —Å–ª–æ–º–∞–ª –º–Ω–µ –∫–æ–º–ø—å—é—Ç–µ—Ä —Ç–µ–ø–µ—Ä—å –æ–Ω –Ω–µ –≤–∫–ª—é—á–∞–µ—Ç—Å—è –ø—Ä–æ—Å—å–±–∞ –∑–∞–±–∞–Ω–∏—Ç—å –¥–∞–Ω–Ω–æ–≥–æ —á–µ–ª–æ–≤–µ–∫–∞ –∏ –ø–æ—Å–∞–¥–∏—Ç—å –≤ —Ç—é—Ä—å–º—É –ø–æ —Å—Ç–∞—Ç—å–µ 117 —É–∫ —Ä—Ñ","Top Level",""
"@dekuk1d470","2024-02-16T12:43:49Z","2024-02-16T12:43:49Z","0","—è –≤ –∫–∞–∑–∞—Ö—Å—Ç–∞–Ω–µ –∂–∏–≤—É –ª–µ–π–º","Reply","UgzriqZ1zn3iTqzO0IN4AaABAg"
"@kesha4463","2024-02-16T13:42:46Z","2024-02-16T13:42:46Z","0","–õ—è —Ç—ã –æ–ª–µ–Ω—å","Reply","UgzriqZ1zn3iTqzO0IN4AaABAg"
"@yak697","2024-02-18T04:46:11Z","2024-02-18T04:46:11Z","0","–ö–∞–∫–∞—è –∏–Ω—Ç–µ—Ä–µ—Å–Ω–∞—è –ø–æ–∑–∏—Ü–∏—è, –æ–±–≤–∏–Ω—è—Ç—å —á–µ–ª–æ–≤–µ–∫–∞ –±–µ–∑ –¥–æ–∫–∞–∑–∞—Ç–µ–ª—å—Å—Ç–≤ :D","Reply","UgzriqZ1zn3iTqzO0IN4AaABAg"
"@vivisectbrodi8229","2024-02-16T09:33:18Z","2024-02-16T09:33:18Z","0","–°–∏–º–ø–ª –µ—Å–ª–∏ —á—Ç–æ —Å—Ç–∞–≤–∏—Ç –≥–ø +–≥–∞–ª–æ—á–∫—É –≤ –Ω–≤–∏–¥–∏–∏","Top Level",""
"@dekuk1d470","2024-02-16T10:17:22Z","2024-02-16T10:17:22Z","1","–±—Ä–∞—Ç—É—Ö —è –∫–∞–∫ —Ç–æ –Ω–µ –ø—Ä–∞–≤–∏–ª—å–Ω–æ —Å–∫–∞–∑–∞–ª –∏–ª–∏ —á—Ç–æ, —è –≥–æ–≤–æ—Ä—é –µ—Å–ª–∏ —É –≤–∞—Å –º–æ–Ω–∏—Ç–æ—Ä –Ω–µ benq zowie –Ω–µ –Ω–∞–¥–æ —Å—Ç–∞–≤–∏—Ç—å –≥–ø —Å –≥–∞–ª–∫–æ–π, —É –Ω–µ–≥–æ BENQ ZOWIE XL2566K –∫–∞–∫ —É 90% –ø—Ä–æ –∏–≥—Ä–æ–∫–æ–≤ —Ç–∞–∫ –∫–∞–∫ –Ω–∞ –≤—Å–µ—Ö –ª–∞–Ω–∞—Ö —Å—Ç–æ—è—Ç benq –ø–µ—Ä–µ—Å–º–æ—Ç—Ä–∏ —ç—Ç–æ—Ç —Ñ—Ä–∞–≥–º–µ–Ω—Ç –ø–∂–í–í–§)–´)–í–§–´–í","Reply","UgwPscjA_9qG15OFUD54AaABAg"
"@ddosattack8473","2024-02-16T09:25:46Z","2024-02-16T09:25:46Z","0","–Ω–µ—Ö—É—è –Ω–µ –ø–æ–Ω–∏–º–∞–µ—Ç —á–µ –¥–µ–ª–∞–µ—Ç –µ—â–µ –¥—Ä—É–≥–∏—Ö –ø—ã—Ç–∞–µ—Ç—Å—è —É—á–∏—Ç—å","Top Level",""
"@nikelite6722","2024-02-16T04:51:34Z","2024-02-16T04:51:34Z","0","–ë–∞–∑–∞!","Top Level",""
"@damirkulshenbaev6502","2024-02-15T16:05:14Z","2024-02-15T16:05:14Z","10","–Ω–µ —É–º–µ–µ—Ç –Ω–æ—Ä–º–∞–ª—å–Ω–æ –º–æ–Ω—Ç–∏—Ä–æ–≤–∞—Ç—å","Top Level",""
"@Meh1co","2024-02-16T06:19:02Z","2024-02-16T06:19:02Z","4","–ó–∞—Ç–æ –∏–≥—Ä–∞—Ç—å —É–º–µ–µ—Ç","Reply","UgyhPWj6GnwxDUcAcux4AaABAg"
"@Aldikon","2024-02-15T16:05:04Z","2024-02-15T16:05:04Z","10","spasibo priwlos noviy pc pokupat","Top Level",""
"@hady6231","2024-02-15T15:53:12Z","2024-02-15T15:53:12Z","1","–°–ü–ê–°–ò–ë–û –§–ê–•–†–ê–¢üíã‚ù§","Top Level",""
"@dekuk1d470","2024-02-15T15:55:41Z","2024-02-15T15:55:41Z","0","—Ç—ã —Ç–æ—Ç —Å–∞–º—ã–π –∏–Ω–ø—É—Ç –ª–∞–≥ 8–ª–≤–ª?????????","Reply","UgyQyVg3XX_-IXrzSGR4AaABAg"
"@hady6231","2024-02-15T16:00:28Z","2024-02-15T16:00:28Z","0","@@dekuk1d470 –¥–∞ –Ω–µ –ø–æ–∫–∞ 800 —ç–ª–æ –Ω—É –≤—Å—ë –≤–ø–µ—Ä–µ–¥–∏","Reply","UgyQyVg3XX_-IXrzSGR4AaABAg"
"@hady6231","2024-02-15T16:00:46Z","2024-02-15T16:00:46Z","0","@@dekuk1d470  —ç—Ç–æ –≤—Å—ë –∏–∑ –∑–∞ –∏–Ω–ø—É—Ç –ª–∞–≥–∞ 100 –ø—Ä–æ—Ü–µ–Ω—Ç–æ–≤ —è –±—ã–ª –±—ã –∂—ë—Å—Ç–∫–∏–º","Reply","UgyQyVg3XX_-IXrzSGR4AaABAg"
